{"timestamps": [1510052797.226706, 1510052845.313307, 1510052846.289606, 1510052846.513296, 1510052846.7396, 1510052846.963054, 1510052847.186095, 1510052847.41119, 1510052896.5532, 1510052897.529933, 1510052897.753841, 1510052898.047304, 1510052898.345436, 1510052898.59541, 1510052898.810112, 1510052899.049536, 1510052899.285119, 1510052899.505054, 1510052899.729311, 1510052899.948283, 1510052900.193518, 1510052900.489497, 1510052900.709623, 1510052900.926403, 1510052901.143087, 1510052901.362699, 1510052901.576505, 1510052948.347276, 1510052949.37278, 1510052949.59157, 1510052949.809266, 1510052950.07874, 1510052950.296208, 1510052950.512245, 1510052950.724941, 1510052950.933574, 1510052951.152305, 1510052951.365606, 1510052951.583735, 1510052951.794005, 1510052952.005798, 1510052952.310976, 1510052952.526389, 1510052952.736331, 1510052952.95121, 1510052953.163985, 1510052953.384223, 1510052953.598836, 1510052953.810591, 1510052954.023598, 1510052954.242734, 1510052954.514145, 1510052954.727673, 1510052954.93887, 1510052955.153909, 1510052955.369878, 1510052955.580772, 1510052955.794932, 1510052956.014426, 1510052956.233119, 1510052956.446083, 1510052956.735254, 1510052956.950836, 1510052957.169996], "initial_reset_timestamp": 1510052752.436934, "episode_types": ["t", "t", "t", "t", "t", "t", "t", "t", "t", "t", "t", "t", "t", "t", "t", "t", "t", "t", "t", "t", "t", "t", "t", "t", "t", "t", "t", "t", "t", "t", "t", "t", "t", "t", "t", "t", "t", "t", "t", "t", "t", "t", "t", "t", "t", "t", "t", "t", "t", "t", "t", "t", "t", "t", "t", "t", "t", "t", "t", "t", "t", "t", "t", "t", "t"], "episode_lengths": [1000, 1000, 1000, 1000, 1000, 1000, 1000, 1000, 1000, 1000, 1000, 1000, 1000, 1000, 1000, 1000, 1000, 1000, 1000, 1000, 1000, 1000, 1000, 1000, 1000, 1000, 1000, 1000, 1000, 1000, 1000, 1000, 1000, 1000, 1000, 1000, 1000, 1000, 1000, 1000, 1000, 1000, 1000, 1000, 1000, 1000, 1000, 1000, 1000, 1000, 1000, 1000, 1000, 1000, 1000, 1000, 1000, 1000, 1000, 1000, 1000, 1000, 1000, 1000], "episode_rewards": [-637.8633486492786, -830.6457474083425, -968.7787162197961, -640.1036073680863, -710.1220622932474, -794.1778923590314, -765.8777572520384, -659.1482454781675, -645.4600670937276, -634.9981017057884, -699.4470182233289, -528.0426047180188, -498.0204807111892, -613.2699196788373, -732.6956131934783, -697.6737906895396, -799.7237591892795, -765.6492635512126, -437.1811971188143, -416.8647230261724, -545.557228338247, -572.0567129538895, -927.4221788744582, -881.5746515662977, -714.4873121888002, -652.7043861666241, -621.0952214376573, -729.517690881347, -816.7700034122952, -629.4848851153583, -702.4748764758693, -785.1398083906389, -631.5921913103145, -407.47929941410234, -675.040005602889, -656.9636835488712, -532.8754386123887, -513.1216922441417, -544.1096741009773, -659.0206889511866, -842.7780296237371, -665.1645848625009, -491.69549738018856, -507.977288186744, -741.1271030657405, -681.8486645496345, -510.0077995557689, -597.4397547006989, -739.4949281871666, -694.2013076990792, -510.143895941171, -464.25674727931334, -773.5958545172341, -658.337769713697, -670.9293534312517, -873.8714472524675, -525.2829821033621, -776.2630353234913, -818.7913673897482, -563.3323060345798, -774.3467447616482, -649.6419243158994, -790.1399562871642, -624.8680187075778]}