{"timestamps": [1510214454.575993, 1510214461.25389, 1510214467.281813, 1510214470.301343, 1510214476.18475, 1510214480.829926, 1510214487.96922, 1510214495.510887, 1510214501.391561, 1510214516.085204, 1510214522.034696, 1510214530.668408, 1510214538.233497, 1510214545.247091, 1510214551.727308, 1510214567.905486, 1510214574.942789, 1510214597.081361, 1510214607.879041, 1510214633.889389, 1510214640.382664, 1510214647.424812, 1510214655.549553, 1510214665.28598, 1510214670.703028, 1510214713.642057, 1510214728.262894, 1510214738.142573, 1510214753.961502, 1510214778.849134, 1510214798.315234, 1510214812.431777, 1510214850.242744, 1510214901.587332, 1510214946.028069, 1510215011.437028, 1510215119.823087, 1510215172.70207, 1510215232.394503, 1510215254.669834, 1510215304.673192, 1510215316.088007, 1510215326.986263, 1510215391.20296, 1510215427.130139, 1510215463.039268, 1510215479.399217, 1510215485.965256, 1510215566.058583, 1510215585.71744, 1510215610.287407, 1510215664.973428, 1510215681.937554, 1510215688.536413, 1510215725.17749, 1510215794.598854, 1510215876.064386, 1510215940.161075, 1510215992.658996, 1510216055.889488, 1510216108.065796, 1510216190.715902, 1510216289.785739, 1510216400.007547, 1510216517.031656, 1510216573.129262, 1510216683.712788, 1510216794.546507, 1510216905.731634, 1510217016.900002, 1510217128.220755, 1510217239.461873, 1510217350.955835, 1510217386.243334, 1510217498.188153, 1510217609.949328], "initial_reset_timestamp": 1510214451.526893, "episode_types": ["t", "t", "t", "t", "t", "t", "t", "t", "t", "t", "t", "t", "t", "t", "t", "t", "t", "t", "t", "t", "t", "t", "t", "t", "t", "t", "t", "t", "t", "t", "t", "t", "t", "t", "t", "t", "t", "t", "t", "t", "t", "t", "t", "t", "t", "t", "t", "t", "t", "t", "t", "t", "t", "t", "t", "t", "t", "t", "t", "t", "t", "t", "t", "t", "t", "t", "t", "t", "t", "t", "t", "t", "t", "t", "t", "t", "t"], "episode_lengths": [41, 23, 18, 8, 14, 10, 14, 14, 10, 27, 11, 16, 14, 13, 12, 30, 13, 41, 20, 48, 12, 13, 15, 18, 10, 79, 27, 17, 29, 46, 36, 26, 70, 95, 82, 121, 200, 97, 110, 41, 92, 21, 20, 118, 66, 66, 30, 12, 147, 36, 45, 100, 31, 12, 67, 127, 148, 116, 95, 115, 95, 150, 180, 200, 200, 101, 200, 200, 200, 200, 200, 200, 200, 63, 200, 200], "episode_rewards": [41.0, 23.0, 18.0, 8.0, 14.0, 10.0, 14.0, 14.0, 10.0, 27.0, 11.0, 16.0, 14.0, 13.0, 12.0, 30.0, 13.0, 41.0, 20.0, 48.0, 12.0, 13.0, 15.0, 18.0, 10.0, 79.0, 27.0, 17.0, 29.0, 46.0, 36.0, 26.0, 70.0, 95.0, 82.0, 121.0, 200.0, 97.0, 110.0, 41.0, 92.0, 21.0, 20.0, 118.0, 66.0, 66.0, 30.0, 12.0, 147.0, 36.0, 45.0, 100.0, 31.0, 12.0, 67.0, 127.0, 148.0, 116.0, 95.0, 115.0, 95.0, 150.0, 180.0, 200.0, 200.0, 101.0, 200.0, 200.0, 200.0, 200.0, 200.0, 200.0, 200.0, 63.0, 200.0, 200.0]}